"Date","Action","User"
"15/07/2019 01:31:33","Creating User Umbrella","aqasassssa"
"15/07/2019 01:31:33","Creating User Umbrella","aqasassssaa"
"15/07/2019 01:31:33","Creating User Umbrella","aqasassssaaa"
"15/07/2019 01:31:33","Creating User Umbrella","aqasassssa"
"15/07/2019 01:31:33","Creating User Umbrella","aqasassssaa"
"15/07/2019 01:31:33","Creating User Umbrella","aqasassssaaa"
"15/07/2019 01:31:33","Creating User Umbrella","aqasassssa"
"15/07/2019 01:31:33","Creating User Umbrella","aqasassssaa"
"15/07/2019 01:31:33","Creating User Umbrella","aqasassssaaa"
